PhraseId,SentenceId,Phrase,Sentiment,Phrase(origin),Sentiment(predict),Difference(Pharse),Difference(Sentence)
1,1,"A series of escapades demonstrating the adage that what is good for the goose is also good for the gander , some of which occasionally amuses but none of which amounts to much of a story .",1,"A series of escapades demonstrating the adage that what is good for the goose is also good for the gander , some of which occasionally amuses but none of which amounts to much of a story .",3,2,3
2,1,A series of escapades demonstrating the adage that what is good for the goose,2,A series of escapades demonstrating the adage that what is good for the goose,2,0,3
3,1,A series,2,A series,2,0,3
4,1,A,2,A,2,0,3
5,1,series,2,series,2,0,3
6,1,of escapades demonstrating the adage that what is good for the goose,2,of escapades demonstrating the adage that what is good for the goose,2,0,3
7,1,of,2,of,2,0,3
8,1,escapades demonstrating the adage that what is good for the goose,2,escapades demonstrating the adage that what is good for the goose,2,0,3
9,1,escapades,2,escapades,2,0,3
10,1,demonstrating the adage that what is good for the goose,2,demonstrating the adage that what is good for the goose,2,0,3
11,1,demonstrating the adage,2,demonstrating the adage,2,0,3
12,1,demonstrating,2,demonstrating,2,0,3
13,1,the adage,2,the adage,2,0,3
14,1,the,2,the,2,0,3
15,1,adage,2,adage,2,0,3
16,1,that what is good for the goose,2,that what is good for the goose,2,0,3
17,1,that,2,that,2,0,3
18,1,what is good for the goose,2,what is good for the goose,2,0,3
19,1,what,2,what,2,0,3
20,1,is good for the goose,2,is good for the goose,3,1,3
21,1,is,2,is,2,0,3
22,1,good for the goose,3,good for the goose,2,1,3
23,1,good,3,good,3,0,3
24,1,for the goose,2,for the goose,2,0,3
25,1,for,2,for,2,0,3
26,1,the goose,2,the goose,2,0,3
27,1,goose,2,goose,2,0,3
28,1,"is also good for the gander , some of which occasionally amuses but none of which amounts to much of a story .",2,"is also good for the gander , some of which occasionally amuses but none of which amounts to much of a story .",1,1,3
29,1,"is also good for the gander , some of which occasionally amuses but none of which amounts to much of a story",2,"is also good for the gander , some of which occasionally amuses but none of which amounts to much of a story",1,1,3
30,1,is also,2,is also,2,0,3
31,1,also,2,also,2,0,3
32,1,"good for the gander , some of which occasionally amuses but none of which amounts to much of a story",2,"good for the gander , some of which occasionally amuses but none of which amounts to much of a story",1,1,3
33,1,"for the gander , some of which occasionally amuses but none of which amounts to much of a story",2,"for the gander , some of which occasionally amuses but none of which amounts to much of a story",2,0,3
34,1,"the gander , some of which occasionally amuses but none of which amounts to much of a story",1,"the gander , some of which occasionally amuses but none of which amounts to much of a story",2,1,3
35,1,"the gander ,",2,"the gander ,",2,0,3
36,1,the gander,2,the gander,2,0,3
37,1,gander,2,gander,2,0,3
38,1,",",2,",",2,0,3
39,1,some of which occasionally amuses but none of which amounts to much of a story,2,some of which occasionally amuses but none of which amounts to much of a story,2,0,3
40,1,some of which,2,some of which,2,0,3
41,1,some,2,some,2,0,3
42,1,of which,2,of which,2,0,3
43,1,which,2,which,2,0,3
44,1,occasionally amuses but none of which amounts to much of a story,2,occasionally amuses but none of which amounts to much of a story,1,1,3
45,1,occasionally,2,occasionally,2,0,3
46,1,amuses but none of which amounts to much of a story,2,amuses but none of which amounts to much of a story,1,1,3
47,1,amuses,3,amuses,2,1,3
48,1,but none of which amounts to much of a story,1,but none of which amounts to much of a story,1,0,3
49,1,but,2,but,2,0,3
50,1,none of which amounts to much of a story,1,none of which amounts to much of a story,1,0,3
51,1,none,2,none,2,0,3
52,1,of which amounts to much of a story,2,of which amounts to much of a story,2,0,3
53,1,which amounts to much of a story,2,which amounts to much of a story,1,1,3
54,1,amounts to much of a story,2,amounts to much of a story,1,1,3
55,1,amounts,2,amounts,2,0,3
56,1,to much of a story,2,to much of a story,2,0,3
57,1,to,2,to,2,0,3
58,1,much of a story,2,much of a story,2,0,3
59,1,much,2,much,2,0,3
60,1,of a story,2,of a story,2,0,3
61,1,a story,2,a story,2,0,3
62,1,story,2,story,2,0,3
63,1,.,2,.,2,0,3
64,2,"This quiet , introspective and entertaining independent is worth seeking .",4,"This quiet , introspective and entertaining independent is worth seeking .",3,1,2
65,2,"This quiet , introspective and entertaining independent",3,"This quiet , introspective and entertaining independent",3,0,2
66,2,This,2,This,2,0,2
67,2,"quiet , introspective and entertaining independent",4,"quiet , introspective and entertaining independent",3,1,2
68,2,"quiet , introspective and entertaining",3,"quiet , introspective and entertaining",3,0,2
69,2,quiet,2,quiet,2,0,2
70,2,", introspective and entertaining",3,", introspective and entertaining",2,1,2
71,2,introspective and entertaining,3,introspective and entertaining,2,1,2
72,2,introspective and,3,introspective and,2,1,2
73,2,introspective,2,introspective,2,0,2
74,2,and,2,and,2,0,2
75,2,entertaining,4,entertaining,2,2,2
76,2,independent,2,independent,2,0,2
77,2,is worth seeking .,3,is worth seeking .,3,0,2
78,2,is worth seeking,4,is worth seeking,3,1,2
79,2,is worth,2,is worth,3,1,2
80,2,worth,2,worth,2,0,2
81,2,seeking,2,seeking,2,0,2
82,3,"Even fans of Ismail Merchant 's work , I suspect , would have a hard time sitting through this one .",1,"Even fans of Ismail Merchant 's work , I suspect , would have a hard time sitting through this one .",2,1,2
83,3,Even fans of Ismail Merchant 's work,2,Even fans of Ismail Merchant 's work,2,0,2
84,3,Even fans,2,Even fans,2,0,2
85,3,Even,2,Even,2,0,2
86,3,fans,3,fans,2,1,2
87,3,of Ismail Merchant 's work,2,of Ismail Merchant 's work,2,0,2
88,3,Ismail Merchant 's work,2,Ismail Merchant 's work,2,0,2
89,3,Ismail Merchant 's,2,Ismail Merchant 's,2,0,2
90,3,Ismail,2,Ismail,2,0,2
91,3,Merchant 's,2,Merchant 's,2,0,2
92,3,Merchant,2,Merchant,2,0,2
93,3,'s,2,'s,2,0,2
94,3,work,2,work,2,0,2
95,3,", I suspect , would have a hard time sitting through this one .",1,", I suspect , would have a hard time sitting through this one .",2,1,2
96,3,", I suspect ,",2,", I suspect ,",2,0,2
97,3,"I suspect ,",2,"I suspect ,",2,0,2
98,3,I suspect,2,I suspect,2,0,2
99,3,I,2,I,2,0,2
100,3,suspect,2,suspect,2,0,2
101,3,would have a hard time sitting through this one .,1,would have a hard time sitting through this one .,2,1,2
102,3,would have a hard time sitting through this one,0,would have a hard time sitting through this one,2,2,2
103,3,would,2,would,2,0,2
104,3,have a hard time sitting through this one,0,have a hard time sitting through this one,2,2,2
105,3,have,2,have,2,0,2
106,3,a hard time sitting through this one,1,a hard time sitting through this one,2,1,2
107,3,a hard time,1,a hard time,2,1,2
108,3,hard time,1,hard time,2,1,2
109,3,hard,2,hard,2,0,2
110,3,time,2,time,2,0,2
111,3,sitting through this one,1,sitting through this one,2,1,2
112,3,sitting,2,sitting,2,0,2
113,3,through this one,2,through this one,2,0,2
114,3,through,2,through,2,0,2
115,3,this one,2,this one,2,0,2
116,3,one,2,one,2,0,2
117,4,"A positively thrilling combination of ethnography and all the intrigue , betrayal , deceit and murder of a Shakespearean tragedy or a juicy soap opera .",3,"A positively thrilling combination of ethnography and all the intrigue , betrayal , deceit and murder of a Shakespearean tragedy or a juicy soap opera .",1,2,2
118,4,"A positively thrilling combination of ethnography and all the intrigue , betrayal , deceit and murder of a Shakespearean tragedy or a juicy soap opera",4,"A positively thrilling combination of ethnography and all the intrigue , betrayal , deceit and murder of a Shakespearean tragedy or a juicy soap opera",1,3,2
119,4,"A positively thrilling combination of ethnography and all the intrigue , betrayal , deceit and murder",4,"A positively thrilling combination of ethnography and all the intrigue , betrayal , deceit and murder",1,3,2
120,4,A positively thrilling combination,3,A positively thrilling combination,2,1,2
121,4,positively thrilling combination,3,positively thrilling combination,2,1,2
122,4,positively,3,positively,2,1,2
123,4,thrilling combination,3,thrilling combination,2,1,2
124,4,thrilling,4,thrilling,2,2,2
125,4,combination,2,combination,2,0,2
126,4,"of ethnography and all the intrigue , betrayal , deceit and murder",2,"of ethnography and all the intrigue , betrayal , deceit and murder",2,0,2
127,4,"ethnography and all the intrigue , betrayal , deceit and murder",2,"ethnography and all the intrigue , betrayal , deceit and murder",2,0,2
128,4,ethnography and,2,ethnography and,2,0,2
129,4,ethnography,2,ethnography,2,0,2
130,4,"all the intrigue , betrayal , deceit and murder",2,"all the intrigue , betrayal , deceit and murder",2,0,2
131,4,all,2,all,2,0,2
132,4,"the intrigue , betrayal , deceit and murder",1,"the intrigue , betrayal , deceit and murder",2,1,2
133,4,"intrigue , betrayal , deceit and murder",2,"intrigue , betrayal , deceit and murder",2,0,2
134,4,intrigue,3,intrigue,2,1,2
135,4,", betrayal , deceit and murder",2,", betrayal , deceit and murder",2,0,2
136,4,"betrayal , deceit and murder",1,"betrayal , deceit and murder",2,1,2
137,4,betrayal,2,betrayal,2,0,2
138,4,", deceit and murder",1,", deceit and murder",2,1,2
139,4,deceit and murder,1,deceit and murder,2,1,2
140,4,deceit and,2,deceit and,2,0,2
141,4,deceit,1,deceit,2,1,2
142,4,murder,1,murder,2,1,2
143,4,of a Shakespearean tragedy or a juicy soap opera,2,of a Shakespearean tragedy or a juicy soap opera,2,0,2
144,4,a Shakespearean tragedy or a juicy soap opera,2,a Shakespearean tragedy or a juicy soap opera,2,0,2
145,4,a Shakespearean tragedy or,2,a Shakespearean tragedy or,2,0,2
146,4,a Shakespearean tragedy,1,a Shakespearean tragedy,2,1,2
147,4,Shakespearean tragedy,2,Shakespearean tragedy,2,0,2
148,4,Shakespearean,2,Shakespearean,2,0,2
149,4,tragedy,1,tragedy,2,1,2
150,4,or,2,or,2,0,2
151,4,a juicy soap opera,3,a juicy soap opera,2,1,2
152,4,juicy soap opera,3,juicy soap opera,2,1,2
153,4,juicy,3,juicy,2,1,2
154,4,soap opera,1,soap opera,2,1,2
155,4,soap,2,soap,2,0,2
156,4,opera,2,opera,2,0,2
157,5,Aggressive self-glorification and a manipulative whitewash .,1,Aggressive self-glorification and a manipulative whitewash .,2,1,2
158,5,Aggressive self-glorification and a manipulative whitewash,0,Aggressive self-glorification and a manipulative whitewash,2,2,2
159,5,Aggressive,2,Aggressive,2,0,2
160,5,self-glorification and a manipulative whitewash,0,self-glorification and a manipulative whitewash,2,2,2
161,5,self-glorification and,1,self-glorification and,2,1,2
162,5,self-glorification,2,self-glorification,2,0,2
163,5,a manipulative whitewash,1,a manipulative whitewash,2,1,2
164,5,manipulative whitewash,1,manipulative whitewash,2,1,2
165,5,manipulative,2,manipulative,2,0,2
166,5,whitewash,2,whitewash,2,0,2
167,6,A comedy-drama of nearly epic proportions rooted in a sincere performance by the title character undergoing midlife crisis .,4,A comedy-drama of nearly epic proportions rooted in a sincere performance by the title character undergoing midlife crisis .,4,0,2
168,6,A comedy-drama of nearly epic proportions,3,A comedy-drama of nearly epic proportions,2,1,2
169,6,A comedy-drama,2,A comedy-drama,2,0,2
170,6,comedy-drama,2,comedy-drama,2,0,2
171,6,of nearly epic proportions,3,of nearly epic proportions,2,1,2
172,6,nearly epic proportions,2,nearly epic proportions,2,0,2
173,6,nearly epic,4,nearly epic,2,2,2
174,6,nearly,2,nearly,2,0,2
175,6,epic,3,epic,2,1,2
176,6,proportions,2,proportions,2,0,2
177,6,rooted in a sincere performance by the title character undergoing midlife crisis .,4,rooted in a sincere performance by the title character undergoing midlife crisis .,2,2,2
178,6,rooted in a sincere performance by the title character undergoing midlife crisis,3,rooted in a sincere performance by the title character undergoing midlife crisis,2,1,2
179,6,rooted in a sincere performance,3,rooted in a sincere performance,2,1,2
180,6,rooted,3,rooted,2,1,2
181,6,in a sincere performance,4,in a sincere performance,2,2,2
182,6,in,2,in,2,0,2
183,6,a sincere performance,4,a sincere performance,2,2,2
184,6,sincere performance,4,sincere performance,2,2,2
185,6,sincere,3,sincere,2,1,2
186,6,performance,2,performance,2,0,2
187,6,by the title character undergoing midlife crisis,2,by the title character undergoing midlife crisis,2,0,2
188,6,by,2,by,2,0,2
189,6,the title character undergoing midlife crisis,2,the title character undergoing midlife crisis,2,0,2
190,6,the title character,2,the title character,2,0,2
191,6,title character,2,title character,2,0,2
192,6,title,2,title,2,0,2
193,6,character,2,character,2,0,2
194,6,undergoing midlife crisis,2,undergoing midlife crisis,2,0,2
195,6,undergoing,2,undergoing,2,0,2
196,6,midlife crisis,1,midlife crisis,2,1,2
197,6,midlife,2,midlife,2,0,2
198,6,crisis,2,crisis,2,0,2
199,7,"Narratively , Trouble Every Day is a plodding mess .",1,"Narratively , Trouble Every Day is a plodding mess .",0,1,2
200,7,Narratively,2,Narratively,2,0,2
201,7,", Trouble Every Day is a plodding mess .",1,", Trouble Every Day is a plodding mess .",1,0,2
202,7,Trouble Every Day is a plodding mess .,0,Trouble Every Day is a plodding mess .,1,1,2
203,7,Trouble Every Day,2,Trouble Every Day,2,0,2
204,7,Trouble,1,Trouble,2,1,2
205,7,Every Day,2,Every Day,2,0,2
206,7,Every,2,Every,2,0,2
207,7,Day,2,Day,2,0,2
208,7,is a plodding mess .,1,is a plodding mess .,1,0,2
209,7,is a plodding mess,0,is a plodding mess,1,1,2
210,7,a plodding mess,1,a plodding mess,1,0,2
211,7,plodding mess,0,plodding mess,1,1,2
212,7,plodding,1,plodding,2,1,2
213,7,mess,1,mess,2,1,2
214,8,"The Importance of Being Earnest , so thick with wit it plays like a reading from Bartlett 's Familiar Quotations",3,"The Importance of Being Earnest , so thick with wit it plays like a reading from Bartlett 's Familiar Quotations",3,0,2
215,8,The Importance,2,The Importance,2,0,2
216,8,Importance,3,Importance,2,1,2
217,8,"of Being Earnest , so thick with wit it plays like a reading from Bartlett 's Familiar Quotations",2,"of Being Earnest , so thick with wit it plays like a reading from Bartlett 's Familiar Quotations",2,0,2
218,8,"Being Earnest , so thick with wit it plays like a reading from Bartlett 's Familiar Quotations",3,"Being Earnest , so thick with wit it plays like a reading from Bartlett 's Familiar Quotations",2,1,2
219,8,Being,2,Being,2,0,2
220,8,"Earnest , so thick with wit it plays like a reading from Bartlett 's Familiar Quotations",2,"Earnest , so thick with wit it plays like a reading from Bartlett 's Familiar Quotations",3,1,2
221,8,"Earnest ,",3,"Earnest ,",2,1,2
222,8,Earnest,3,Earnest,2,1,2
223,8,so thick with wit it plays like a reading from Bartlett 's Familiar Quotations,2,so thick with wit it plays like a reading from Bartlett 's Familiar Quotations,3,1,2
224,8,so,2,so,2,0,2
225,8,thick with wit it plays like a reading from Bartlett 's Familiar Quotations,3,thick with wit it plays like a reading from Bartlett 's Familiar Quotations,2,1,2
226,8,thick,2,thick,2,0,2
227,8,with wit it plays like a reading from Bartlett 's Familiar Quotations,3,with wit it plays like a reading from Bartlett 's Familiar Quotations,2,1,2
228,8,with,2,with,2,0,2
229,8,wit it plays like a reading from Bartlett 's Familiar Quotations,2,wit it plays like a reading from Bartlett 's Familiar Quotations,2,0,2
230,8,wit,2,wit,2,0,2
231,8,it plays like a reading from Bartlett 's Familiar Quotations,2,it plays like a reading from Bartlett 's Familiar Quotations,2,0,2
232,8,it,2,it,2,0,2
233,8,plays like a reading from Bartlett 's Familiar Quotations,3,plays like a reading from Bartlett 's Familiar Quotations,2,1,2
234,8,plays,2,plays,2,0,2
235,8,like a reading from Bartlett 's Familiar Quotations,2,like a reading from Bartlett 's Familiar Quotations,2,0,2
236,8,like,2,like,2,0,2
237,8,a reading from Bartlett 's Familiar Quotations,2,a reading from Bartlett 's Familiar Quotations,2,0,2
238,8,a reading,2,a reading,2,0,2
239,8,reading,2,reading,2,0,2
240,8,from Bartlett 's Familiar Quotations,2,from Bartlett 's Familiar Quotations,2,0,2
241,8,from,2,from,2,0,2
242,8,Bartlett 's Familiar Quotations,2,Bartlett 's Familiar Quotations,2,0,2
243,8,Bartlett 's,2,Bartlett 's,2,0,2
244,8,Bartlett,2,Bartlett,2,0,2
245,8,Familiar Quotations,2,Familiar Quotations,2,0,2
246,8,Familiar,2,Familiar,2,0,2
247,8,Quotations,2,Quotations,2,0,2
248,9,But it doesnot leave you with much .,1,But it does n't leave you with much .,3,2,2
249,9,it doesnot leave you with much .,1,it does n't leave you with much .,3,2,2
250,9,doesnot leave you with much .,1,does n't leave you with much .,3,2,2
251,9,doesnot leave you with much,1,does n't leave you with much,3,2,2
252,9,doesnot,1,does n't,2,1,2
253,9,does,2,does,2,0,2
254,9,n't,2,n't,2,0,2
255,9,leave you with much,2,leave you with much,3,1,2
256,9,leave you,2,leave you,2,0,2
257,9,leave,1,leave,2,1,2
258,9,you,2,you,2,0,2
259,9,with much,2,with much,2,0,2
260,10,You could hate it for the same reason .,1,You could hate it for the same reason .,0,1,2
261,10,could hate it for the same reason .,1,could hate it for the same reason .,2,1,2
262,10,could hate it for the same reason,0,could hate it for the same reason,2,2,2
263,10,could,2,could,2,0,2
264,10,hate it for the same reason,1,hate it for the same reason,2,1,2
265,10,hate it,0,hate it,2,2,2
266,10,hate,0,hate,2,2,2
267,10,for the same reason,2,for the same reason,2,0,2
268,10,the same reason,2,the same reason,2,0,2
269,10,same reason,2,same reason,2,0,2
270,10,same,2,same,2,0,2
271,10,reason,2,reason,2,0,2
272,11,"There 's little to recommend Snow Dogs , unless one considers cliched dialogue and perverse escapism a source of high hilarity .",1,"There 's little to recommend Snow Dogs , unless one considers cliched dialogue and perverse escapism a source of high hilarity .",1,0,2
273,11,There,2,There,2,0,2
274,11,"'s little to recommend Snow Dogs , unless one considers cliched dialogue and perverse escapism a source of high hilarity .",1,"'s little to recommend Snow Dogs , unless one considers cliched dialogue and perverse escapism a source of high hilarity .",1,0,2
275,11,"'s little to recommend Snow Dogs , unless one considers cliched dialogue and perverse escapism a source of high hilarity",1,"'s little to recommend Snow Dogs , unless one considers cliched dialogue and perverse escapism a source of high hilarity",1,0,2
276,11,"'s little to recommend Snow Dogs ,",1,"'s little to recommend Snow Dogs ,",1,0,2
277,11,'s little to recommend Snow Dogs,1,'s little to recommend Snow Dogs,1,0,2
278,11,little to recommend Snow Dogs,2,little to recommend Snow Dogs,1,1,2
279,11,little,2,little,2,0,2
280,11,to recommend Snow Dogs,2,to recommend Snow Dogs,2,0,2
281,11,recommend Snow Dogs,4,recommend Snow Dogs,2,2,2
282,11,recommend,3,recommend,2,1,2
283,11,Snow Dogs,2,Snow Dogs,2,0,2
284,11,Snow,2,Snow,2,0,2
285,11,Dogs,2,Dogs,2,0,2
286,11,unless one considers cliched dialogue and perverse escapism a source of high hilarity,1,unless one considers cliched dialogue and perverse escapism a source of high hilarity,3,2,2
287,11,unless,2,unless,2,0,2
288,11,one considers cliched dialogue and perverse escapism a source of high hilarity,2,one considers cliched dialogue and perverse escapism a source of high hilarity,3,1,2
289,11,considers cliched dialogue and perverse escapism a source of high hilarity,2,considers cliched dialogue and perverse escapism a source of high hilarity,3,1,2
290,11,considers,2,considers,2,0,2
291,11,cliched dialogue and perverse escapism a source of high hilarity,1,cliched dialogue and perverse escapism a source of high hilarity,3,2,2
292,11,cliched dialogue and perverse escapism,1,cliched dialogue and perverse escapism,2,1,2
293,11,cliched dialogue and,1,cliched dialogue and,2,1,2
294,11,cliched dialogue,1,cliched dialogue,2,1,2
295,11,cliched,1,cliched,2,1,2
296,11,dialogue,2,dialogue,2,0,2
297,11,perverse escapism,2,perverse escapism,2,0,2
298,11,perverse,1,perverse,2,1,2
299,11,escapism,2,escapism,2,0,2
300,11,a source of high hilarity,3,a source of high hilarity,3,0,2
301,11,a source,2,a source,2,0,2
302,11,source,2,source,2,0,2
303,11,of high hilarity,3,of high hilarity,3,0,2
304,11,high hilarity,4,high hilarity,3,1,2
305,11,high,3,high,2,1,2
306,11,hilarity,3,hilarity,2,1,2
307,12,"Kung Pow is Oedekerk 's realization of his childhood dream to be in a martial-arts flick , and proves that sometimes the dreams of youth should remain just that .",1,"Kung Pow is Oedekerk 's realization of his childhood dream to be in a martial-arts flick , and proves that sometimes the dreams of youth should remain just that .",4,3,2
308,12,Kung Pow,2,Kung Pow,2,0,2
309,12,Kung,2,Kung,2,0,2
310,12,Pow,3,Pow,2,1,2
311,12,"is Oedekerk 's realization of his childhood dream to be in a martial-arts flick , and proves that sometimes the dreams of youth should remain just that .",2,"is Oedekerk 's realization of his childhood dream to be in a martial-arts flick , and proves that sometimes the dreams of youth should remain just that .",4,2,2
312,12,"is Oedekerk 's realization of his childhood dream to be in a martial-arts flick , and proves that sometimes the dreams of youth should remain just that",0,"is Oedekerk 's realization of his childhood dream to be in a martial-arts flick , and proves that sometimes the dreams of youth should remain just that",4,4,2
313,12,"is Oedekerk 's realization of his childhood dream to be in a martial-arts flick , and",2,"is Oedekerk 's realization of his childhood dream to be in a martial-arts flick , and",2,0,2
314,12,"is Oedekerk 's realization of his childhood dream to be in a martial-arts flick ,",2,"is Oedekerk 's realization of his childhood dream to be in a martial-arts flick ,",2,0,2
315,12,is Oedekerk 's realization of his childhood dream to be in a martial-arts flick,2,is Oedekerk 's realization of his childhood dream to be in a martial-arts flick,2,0,2
316,12,Oedekerk 's realization of his childhood dream to be in a martial-arts flick,2,Oedekerk 's realization of his childhood dream to be in a martial-arts flick,2,0,2
317,12,Oedekerk 's realization of his childhood dream,2,Oedekerk 's realization of his childhood dream,2,0,2
318,12,Oedekerk 's realization,2,Oedekerk 's realization,2,0,2
319,12,Oedekerk 's,2,Oedekerk 's,2,0,2
320,12,Oedekerk,2,Oedekerk,2,0,2
321,12,realization,2,realization,2,0,2
322,12,of his childhood dream,2,of his childhood dream,2,0,2
323,12,his childhood dream,2,his childhood dream,2,0,2
324,12,his,2,his,2,0,2
325,12,childhood dream,2,childhood dream,2,0,2
326,12,childhood,2,childhood,2,0,2
327,12,dream,3,dream,2,1,2
328,12,to be in a martial-arts flick,2,to be in a martial-arts flick,2,0,2
329,12,be in a martial-arts flick,2,be in a martial-arts flick,2,0,2
330,12,be,2,be,2,0,2
331,12,in a martial-arts flick,2,in a martial-arts flick,2,0,2
332,12,a martial-arts flick,2,a martial-arts flick,2,0,2
333,12,martial-arts flick,2,martial-arts flick,2,0,2
334,12,martial-arts,2,martial-arts,2,0,2
335,12,flick,2,flick,2,0,2
336,12,proves that sometimes the dreams of youth should remain just that,1,proves that sometimes the dreams of youth should remain just that,2,1,2
337,12,proves,2,proves,2,0,2
338,12,that sometimes the dreams of youth should remain just that,1,that sometimes the dreams of youth should remain just that,2,1,2
339,12,sometimes the dreams of youth should remain just that,1,sometimes the dreams of youth should remain just that,2,1,2
340,12,sometimes,2,sometimes,2,0,2
341,12,the dreams of youth should remain just that,2,the dreams of youth should remain just that,2,0,2
342,12,the dreams of youth,3,the dreams of youth,2,1,2
343,12,the dreams,2,the dreams,2,0,2
344,12,dreams,2,dreams,2,0,2
345,12,of youth,2,of youth,2,0,2
346,12,youth,2,youth,2,0,2
347,12,should remain just that,2,should remain just that,2,0,2
348,12,should,2,should,2,0,2
349,12,remain just that,2,remain just that,2,0,2
350,12,remain,2,remain,2,0,2
351,12,just that,2,just that,2,0,2
352,12,just,2,just,2,0,2
353,13,The performances are an absolute joy .,4,The performances are an absolute joy .,3,1,2
354,13,The performances,2,The performances,2,0,2
355,13,performances,2,performances,2,0,2
356,13,are an absolute joy .,4,are an absolute joy .,2,2,2
357,13,are an absolute joy,3,are an absolute joy,2,1,2
358,13,are,2,are,2,0,2
359,13,an absolute joy,4,an absolute joy,2,2,2
360,13,an,2,an,2,0,2
361,13,absolute joy,3,absolute joy,2,1,2
362,13,absolute,2,absolute,2,0,2
363,13,joy,4,joy,2,2,2
364,14,Fresnadillo has something serious to say about the ways in which extravagant chance can distort our perspective and throw us off the path of good sense .,3,Fresnadillo has something serious to say about the ways in which extravagant chance can distort our perspective and throw us off the path of good sense .,3,0,2
365,14,Fresnadillo,2,Fresnadillo,2,0,2
366,14,has something serious to say about the ways in which extravagant chance can distort our perspective and throw us off the path of good sense .,3,has something serious to say about the ways in which extravagant chance can distort our perspective and throw us off the path of good sense .,3,0,2
367,14,has something serious to say about the ways in which extravagant chance can distort our perspective and throw us off the path of good sense,3,has something serious to say about the ways in which extravagant chance can distort our perspective and throw us off the path of good sense,3,0,2
368,14,has,2,has,2,0,2
369,14,something serious to say about the ways in which extravagant chance can distort our perspective and throw us off the path of good sense,3,something serious to say about the ways in which extravagant chance can distort our perspective and throw us off the path of good sense,3,0,2
370,14,something,2,something,2,0,2
371,14,serious to say about the ways in which extravagant chance can distort our perspective and throw us off the path of good sense,2,serious to say about the ways in which extravagant chance can distort our perspective and throw us off the path of good sense,3,1,2
372,14,serious,2,serious,2,0,2
373,14,to say about the ways in which extravagant chance can distort our perspective and throw us off the path of good sense,3,to say about the ways in which extravagant chance can distort our perspective and throw us off the path of good sense,3,0,2
374,14,say about the ways in which extravagant chance can distort our perspective and throw us off the path of good sense,2,say about the ways in which extravagant chance can distort our perspective and throw us off the path of good sense,3,1,2
375,14,say,2,say,2,0,2
376,14,about the ways in which extravagant chance can distort our perspective and throw us off the path of good sense,2,about the ways in which extravagant chance can distort our perspective and throw us off the path of good sense,3,1,2
377,14,about,2,about,2,0,2
378,14,the ways in which extravagant chance can distort our perspective and throw us off the path of good sense,1,the ways in which extravagant chance can distort our perspective and throw us off the path of good sense,3,2,2
379,14,the ways,2,the ways,2,0,2
380,14,ways,2,ways,2,0,2
381,14,in which extravagant chance can distort our perspective and throw us off the path of good sense,2,in which extravagant chance can distort our perspective and throw us off the path of good sense,3,1,2
382,14,in which,2,in which,2,0,2
383,14,extravagant chance can distort our perspective and throw us off the path of good sense,2,extravagant chance can distort our perspective and throw us off the path of good sense,3,1,2
384,14,extravagant chance,2,extravagant chance,2,0,2
385,14,extravagant,4,extravagant,2,2,2
386,14,chance,2,chance,2,0,2
387,14,can distort our perspective and throw us off the path of good sense,2,can distort our perspective and throw us off the path of good sense,1,1,2
388,14,can,2,can,2,0,2
389,14,distort our perspective and throw us off the path of good sense,2,distort our perspective and throw us off the path of good sense,1,1,2
390,14,distort our perspective and,2,distort our perspective and,2,0,2
391,14,distort our perspective,2,distort our perspective,2,0,2
392,14,distort,2,distort,2,0,2
393,14,our perspective,2,our perspective,2,0,2
394,14,our,2,our,2,0,2
395,14,perspective,2,perspective,2,0,2
396,14,throw us off the path of good sense,2,throw us off the path of good sense,1,1,2
397,14,throw us,2,throw us,2,0,2
398,14,throw,2,throw,2,0,2
399,14,us,3,us,2,1,2
400,14,off the path of good sense,1,off the path of good sense,1,0,2
401,14,off,1,off,2,1,2
402,14,the path of good sense,2,the path of good sense,1,1,2
403,14,the path,2,the path,2,0,2
404,14,path,2,path,2,0,2
405,14,of good sense,3,of good sense,2,1,2
406,14,good sense,3,good sense,3,0,2
407,14,sense,2,sense,2,0,2
408,15,"I still like Moonlight Mile , better judgment be damned .",3,"I still like Moonlight Mile , better judgment be damned .",1,2,2
409,15,"still like Moonlight Mile , better judgment be damned .",3,"still like Moonlight Mile , better judgment be damned .",1,2,2
410,15,still,2,still,2,0,2
411,15,"like Moonlight Mile , better judgment be damned .",2,"like Moonlight Mile , better judgment be damned .",2,0,2
412,15,"like Moonlight Mile , better judgment be damned",2,"like Moonlight Mile , better judgment be damned",2,0,2
413,15,"Moonlight Mile , better judgment be damned",2,"Moonlight Mile , better judgment be damned",2,0,2
414,15,"Moonlight Mile , better judgment",2,"Moonlight Mile , better judgment",2,0,2
415,15,Moonlight,2,Moonlight,2,0,2
416,15,"Mile , better judgment",2,"Mile , better judgment",2,0,2
417,15,Mile,2,Mile,2,0,2
418,15,", better judgment",2,", better judgment",2,0,2
419,15,better judgment,2,better judgment,2,0,2
420,15,better,4,better,2,2,2
421,15,judgment,2,judgment,2,0,2
422,15,be damned,2,be damned,2,0,2
423,15,damned,1,damned,2,1,2
424,16,"A welcome relief from baseball movies that try too hard to be mythic , this one is a sweet and modest and ultimately winning story .",3,"A welcome relief from baseball movies that try too hard to be mythic , this one is a sweet and modest and ultimately winning story .",4,1,2
425,16,A welcome relief from baseball movies that try too hard to be mythic,3,A welcome relief from baseball movies that try too hard to be mythic,3,0,2
426,16,A welcome relief,3,A welcome relief,2,1,2
427,16,welcome relief,3,welcome relief,2,1,2
428,16,welcome,2,welcome,2,0,2
429,16,relief,2,relief,2,0,2
430,16,from baseball movies that try too hard to be mythic,1,from baseball movies that try too hard to be mythic,1,0,2
431,16,baseball movies that try too hard to be mythic,0,baseball movies that try too hard to be mythic,1,1,2
432,16,baseball movies,2,baseball movies,2,0,2
433,16,baseball,2,baseball,2,0,2
434,16,movies,2,movies,2,0,2
435,16,that try too hard to be mythic,1,that try too hard to be mythic,1,0,2
436,16,try too hard to be mythic,1,try too hard to be mythic,1,0,2
437,16,try,2,try,2,0,2
438,16,too hard to be mythic,1,too hard to be mythic,1,0,2
439,16,too,2,too,2,0,2
440,16,hard to be mythic,1,hard to be mythic,2,1,2
441,16,to be mythic,2,to be mythic,2,0,2
442,16,be mythic,2,be mythic,2,0,2
443,16,mythic,2,mythic,2,0,2
444,16,", this one is a sweet and modest and ultimately winning story .",3,", this one is a sweet and modest and ultimately winning story .",4,1,2
445,16,this one is a sweet and modest and ultimately winning story .,4,this one is a sweet and modest and ultimately winning story .,4,0,2
446,16,is a sweet and modest and ultimately winning story .,4,is a sweet and modest and ultimately winning story .,4,0,2
447,16,is a sweet and modest and ultimately winning story,3,is a sweet and modest and ultimately winning story,4,1,2
448,16,a sweet and modest and ultimately winning story,3,a sweet and modest and ultimately winning story,4,1,2
449,16,a sweet and modest and,3,a sweet and modest and,3,0,2
450,16,a sweet and modest,4,a sweet and modest,2,2,2
451,16,sweet and modest,3,sweet and modest,2,1,2
452,16,sweet and,3,sweet and,2,1,2
453,16,sweet,4,sweet,2,2,2
454,16,modest,3,modest,2,1,2
455,16,ultimately winning story,4,ultimately winning story,2,2,2
456,16,ultimately,2,ultimately,2,0,2
457,16,winning story,3,winning story,2,1,2
458,16,winning,3,winning,2,1,2
459,17,"a bilingual charmer , just like the woman who inspired it",3,"a bilingual charmer , just like the woman who inspired it",2,1,2
460,17,"a bilingual charmer ,",3,"a bilingual charmer ,",2,1,2
461,17,a bilingual charmer,3,a bilingual charmer,2,1,2
462,17,bilingual charmer,3,bilingual charmer,2,1,2
463,17,bilingual,2,bilingual,2,0,2
464,17,charmer,3,charmer,2,1,2
465,17,just like the woman who inspired it,2,just like the woman who inspired it,2,0,2
466,17,like the woman who inspired it,2,like the woman who inspired it,2,0,2
467,17,the woman who inspired it,2,the woman who inspired it,2,0,2
468,17,the woman,2,the woman,2,0,2
469,17,woman,2,woman,2,0,2
470,17,who inspired it,2,who inspired it,2,0,2
471,17,who,2,who,2,0,2
472,17,inspired it,2,inspired it,2,0,2
473,17,inspired,3,inspired,2,1,2
474,18,Like a less dizzily gorgeous companion to Mr. Wong 's In the Mood for Love -- very much a Hong Kong movie despite its mainland setting .,2,Like a less dizzily gorgeous companion to Mr. Wong 's In the Mood for Love -- very much a Hong Kong movie despite its mainland setting .,1,1,2
475,18,Like a less dizzily gorgeous companion to Mr.,3,Like a less dizzily gorgeous companion to Mr.,1,2,2
476,18,a less dizzily gorgeous companion to Mr.,2,a less dizzily gorgeous companion to Mr.,2,0,2
477,18,a less dizzily gorgeous companion,2,a less dizzily gorgeous companion,2,0,2
478,18,less dizzily gorgeous companion,2,less dizzily gorgeous companion,2,0,2
479,18,less dizzily gorgeous,2,less dizzily gorgeous,2,0,2
480,18,less,2,less,2,0,2
481,18,dizzily gorgeous,4,dizzily gorgeous,4,0,2
482,18,dizzily,2,dizzily,2,0,2
483,18,gorgeous,3,gorgeous,4,1,2
484,18,companion,3,companion,2,1,2
485,18,to Mr.,2,to Mr.,2,0,2
486,18,Mr.,2,Mr.,2,0,2
487,18,Wong 's In the Mood for Love -- very much a Hong Kong movie despite its mainland setting .,2,Wong 's In the Mood for Love -- very much a Hong Kong movie despite its mainland setting .,2,0,2
488,18,Wong,2,Wong,2,0,2
489,18,'s In the Mood for Love -- very much a Hong Kong movie despite its mainland setting .,2,'s In the Mood for Love -- very much a Hong Kong movie despite its mainland setting .,2,0,2
490,18,'s In the Mood for Love -- very much a Hong Kong movie despite its mainland setting,2,'s In the Mood for Love -- very much a Hong Kong movie despite its mainland setting,2,0,2
491,18,'s In the Mood for Love -- very much a Hong Kong movie,2,'s In the Mood for Love -- very much a Hong Kong movie,2,0,2
492,18,In the Mood for Love -- very much a Hong Kong movie,3,In the Mood for Love -- very much a Hong Kong movie,2,1,2
493,18,the Mood for Love -- very much a Hong Kong movie,2,the Mood for Love -- very much a Hong Kong movie,2,0,2
494,18,the Mood,3,the Mood,2,1,2
495,18,Mood,2,Mood,2,0,2
496,18,for Love -- very much a Hong Kong movie,2,for Love -- very much a Hong Kong movie,2,0,2
497,18,Love -- very much a Hong Kong movie,3,Love -- very much a Hong Kong movie,2,1,2
498,18,Love -- very much,4,Love -- very much,2,2,2
499,18,Love --,3,Love --,2,1,2
500,18,Love,4,Love,2,2,2
501,18,--,2,--,2,0,2
502,18,very much,2,very much,2,0,2
503,18,very,2,very,2,0,2
504,18,a Hong Kong movie,2,a Hong Kong movie,2,0,2
505,18,Hong Kong movie,2,Hong Kong movie,2,0,2
506,18,Hong,2,Hong,2,0,2
507,18,Kong movie,2,Kong movie,2,0,2
508,18,Kong,2,Kong,2,0,2
509,18,movie,2,movie,2,0,2
510,18,despite its mainland setting,2,despite its mainland setting,2,0,2
511,18,despite,2,despite,2,0,2
512,18,its mainland setting,3,its mainland setting,2,1,2
513,18,its,2,its,2,0,2
514,18,mainland setting,2,mainland setting,2,0,2
515,18,mainland,2,mainland,2,0,2
516,18,setting,2,setting,2,0,2
517,19,As inept as big-screen remakes of The Avengers and The Wild Wild West .,1,As inept as big-screen remakes of The Avengers and The Wild Wild West .,2,1,2
518,19,As inept as big-screen remakes of The Avengers and The Wild Wild West,2,As inept as big-screen remakes of The Avengers and The Wild Wild West,2,0,2
519,19,As inept,1,As inept,2,1,2
520,19,As,2,As,2,0,2
521,19,inept,1,inept,2,1,2
522,19,as big-screen remakes of The Avengers and The Wild Wild West,1,as big-screen remakes of The Avengers and The Wild Wild West,2,1,2
523,19,big-screen remakes of The Avengers and The Wild Wild West,2,big-screen remakes of The Avengers and The Wild Wild West,2,0,2
524,19,big-screen remakes,2,big-screen remakes,2,0,2
525,19,big-screen,2,big-screen,2,0,2
526,19,remakes,2,remakes,2,0,2
527,19,of The Avengers and The Wild Wild West,2,of The Avengers and The Wild Wild West,2,0,2
528,19,The Avengers and The Wild Wild West,2,The Avengers and The Wild Wild West,2,0,2
529,19,The Avengers and,2,The Avengers and,2,0,2
530,19,The Avengers,2,The Avengers,2,0,2
531,19,Avengers,2,Avengers,2,0,2
532,19,The Wild Wild West,3,The Wild Wild West,2,1,2
533,19,Wild Wild West,2,Wild Wild West,2,0,2
534,19,Wild,3,Wild,2,1,2
535,19,Wild West,2,Wild West,2,0,2
536,19,West,2,West,2,0,2
537,20,It 's everything you 'd expect -- but nothing more .,2,It 's everything you 'd expect -- but nothing more .,2,0,3
538,20,'s everything you 'd expect -- but nothing more .,1,'s everything you 'd expect -- but nothing more .,2,1,3
539,20,'s everything you 'd expect -- but nothing more,2,'s everything you 'd expect -- but nothing more,2,0,3
540,20,everything you 'd expect -- but nothing more,1,everything you 'd expect -- but nothing more,2,1,3
541,20,everything,2,everything,2,0,3
542,20,you 'd expect -- but nothing more,1,you 'd expect -- but nothing more,2,1,3
543,20,'d expect -- but nothing more,2,'d expect -- but nothing more,2,0,3
544,20,'d,2,'d,2,0,3
545,20,expect -- but nothing more,2,expect -- but nothing more,2,0,3
546,20,expect -- but nothing,2,expect -- but nothing,2,0,3
547,20,expect --,2,expect --,2,0,3
548,20,expect,2,expect,2,0,3
549,20,but nothing,2,but nothing,2,0,3
550,20,nothing,1,nothing,2,1,3
551,20,more,2,more,2,0,3
552,21,"Best indie of the year , so far .",4,"Best indie of the year , so far .",4,0,2
553,21,Best,4,Best,2,2,2
554,21,"indie of the year , so far .",3,"indie of the year , so far .",2,1,2
555,21,"indie of the year , so far",4,"indie of the year , so far",2,2,2
556,21,"indie of the year ,",3,"indie of the year ,",2,1,2
557,21,indie of the year,3,indie of the year,2,1,2
558,21,indie,2,indie,2,0,2
559,21,of the year,2,of the year,2,0,2
560,21,the year,2,the year,2,0,2
561,21,year,2,year,2,0,2
562,21,so far,2,so far,2,0,2
563,21,far,2,far,2,0,2
564,22,"Hatfield and Hicks make the oddest of couples , and in this sense the movie becomes a study of the gambles of the publishing world , offering a case study that exists apart from all the movie 's political ramifications .",3,"Hatfield and Hicks make the oddest of couples , and in this sense the movie becomes a study of the gambles of the publishing world , offering a case study that exists apart from all the movie 's political ramifications .",3,0,2
565,22,"Hatfield and Hicks make the oddest of couples , and in this sense the movie becomes a study of the gambles of the publishing world , offering a case study that exists apart from all the movie 's political ramifications",3,"Hatfield and Hicks make the oddest of couples , and in this sense the movie becomes a study of the gambles of the publishing world , offering a case study that exists apart from all the movie 's political ramifications",3,0,2
566,22,"Hatfield and Hicks make the oddest of couples , and",2,"Hatfield and Hicks make the oddest of couples , and",2,0,2
567,22,"Hatfield and Hicks make the oddest of couples ,",2,"Hatfield and Hicks make the oddest of couples ,",2,0,2
568,22,Hatfield and Hicks make the oddest of couples,2,Hatfield and Hicks make the oddest of couples,2,0,2
569,22,Hatfield and Hicks,2,Hatfield and Hicks,2,0,2
570,22,Hatfield and,2,Hatfield and,2,0,2
571,22,Hatfield,2,Hatfield,2,0,2
572,22,Hicks,2,Hicks,2,0,2
573,22,make the oddest of couples,2,make the oddest of couples,2,0,2
574,22,make,2,make,2,0,2
575,22,the oddest of couples,2,the oddest of couples,2,0,2
576,22,the oddest,2,the oddest,2,0,2
577,22,oddest,1,oddest,2,1,2
578,22,of couples,2,of couples,2,0,2
579,22,couples,2,couples,2,0,2
580,22,"in this sense the movie becomes a study of the gambles of the publishing world , offering a case study that exists apart from all the movie 's political ramifications",3,"in this sense the movie becomes a study of the gambles of the publishing world , offering a case study that exists apart from all the movie 's political ramifications",3,0,2
581,22,in this sense,2,in this sense,2,0,2
582,22,this sense,2,this sense,2,0,2
583,22,"the movie becomes a study of the gambles of the publishing world , offering a case study that exists apart from all the movie 's political ramifications",2,"the movie becomes a study of the gambles of the publishing world , offering a case study that exists apart from all the movie 's political ramifications",3,1,2
584,22,the movie,2,the movie,2,0,2
585,22,"becomes a study of the gambles of the publishing world , offering a case study that exists apart from all the movie 's political ramifications",2,"becomes a study of the gambles of the publishing world , offering a case study that exists apart from all the movie 's political ramifications",3,1,2
586,22,"becomes a study of the gambles of the publishing world ,",2,"becomes a study of the gambles of the publishing world ,",2,0,2
587,22,becomes a study of the gambles of the publishing world,2,becomes a study of the gambles of the publishing world,2,0,2
588,22,becomes,2,becomes,2,0,2
589,22,a study of the gambles of the publishing world,2,a study of the gambles of the publishing world,2,0,2
590,22,a study,2,a study,2,0,2
591,22,study,2,study,2,0,2
592,22,of the gambles of the publishing world,2,of the gambles of the publishing world,2,0,2
593,22,the gambles of the publishing world,2,the gambles of the publishing world,2,0,2
594,22,the gambles,2,the gambles,2,0,2
595,22,gambles,2,gambles,2,0,2
596,22,of the publishing world,2,of the publishing world,2,0,2
597,22,the publishing world,2,the publishing world,2,0,2
598,22,publishing world,2,publishing world,2,0,2
599,22,publishing,2,publishing,2,0,2
600,22,world,2,world,2,0,2
601,22,offering a case study that exists apart from all the movie 's political ramifications,2,offering a case study that exists apart from all the movie 's political ramifications,2,0,2
602,22,offering,2,offering,2,0,2
603,22,a case study that exists apart from all the movie 's political ramifications,3,a case study that exists apart from all the movie 's political ramifications,2,1,2
604,22,a case study,2,a case study,2,0,2
605,22,case study,2,case study,2,0,2
606,22,case,2,case,2,0,2
607,22,that exists apart from all the movie 's political ramifications,2,that exists apart from all the movie 's political ramifications,2,0,2
608,22,exists apart from all the movie 's political ramifications,2,exists apart from all the movie 's political ramifications,2,0,2
609,22,exists apart,2,exists apart,2,0,2
610,22,exists,2,exists,2,0,2
611,22,apart,2,apart,2,0,2
612,22,from all the movie 's political ramifications,2,from all the movie 's political ramifications,2,0,2
613,22,all the movie 's political ramifications,2,all the movie 's political ramifications,2,0,2
614,22,the movie 's political ramifications,2,the movie 's political ramifications,2,0,2
615,22,the movie 's,2,the movie 's,2,0,2
616,22,movie 's,2,movie 's,2,0,2
617,22,political ramifications,2,political ramifications,2,0,2
618,22,political,2,political,2,0,2
619,22,ramifications,2,ramifications,2,0,2
620,23,It 's like going to a house party and watching the host defend himself against a frothing ex-girlfriend .,1,It 's like going to a house party and watching the host defend himself against a frothing ex-girlfriend .,2,1,3
621,23,'s like going to a house party and watching the host defend himself against a frothing ex-girlfriend .,1,'s like going to a house party and watching the host defend himself against a frothing ex-girlfriend .,2,1,3
622,23,'s like going to a house party and watching the host defend himself against a frothing ex-girlfriend,1,'s like going to a house party and watching the host defend himself against a frothing ex-girlfriend,2,1,3
623,23,like going to a house party and watching the host defend himself against a frothing ex-girlfriend,1,like going to a house party and watching the host defend himself against a frothing ex-girlfriend,2,1,3
624,23,going to a house party and watching the host defend himself against a frothing ex-girlfriend,1,going to a house party and watching the host defend himself against a frothing ex-girlfriend,2,1,3
625,23,going to a house party and,2,going to a house party and,2,0,3
626,23,going to a house party,2,going to a house party,2,0,3
627,23,going,2,going,2,0,3
628,23,to a house party,2,to a house party,2,0,3
629,23,a house party,2,a house party,2,0,3
630,23,house party,2,house party,2,0,3
631,23,house,2,house,2,0,3
632,23,party,2,party,2,0,3
633,23,watching the host defend himself against a frothing ex-girlfriend,2,watching the host defend himself against a frothing ex-girlfriend,2,0,3
634,23,watching,2,watching,2,0,3
635,23,the host defend himself against a frothing ex-girlfriend,2,the host defend himself against a frothing ex-girlfriend,2,0,3
636,23,the host,2,the host,2,0,3
637,23,host,2,host,2,0,3
638,23,defend himself against a frothing ex-girlfriend,2,defend himself against a frothing ex-girlfriend,2,0,3
639,23,defend himself,3,defend himself,2,1,3
640,23,defend,2,defend,2,0,3
641,23,himself,2,himself,2,0,3
642,23,against a frothing ex-girlfriend,2,against a frothing ex-girlfriend,2,0,3
643,23,against,2,against,2,0,3
644,23,a frothing ex-girlfriend,2,a frothing ex-girlfriend,2,0,3
645,23,frothing ex-girlfriend,2,frothing ex-girlfriend,2,0,3
646,23,frothing,1,frothing,2,1,3
647,23,ex-girlfriend,2,ex-girlfriend,2,0,3
648,24,That the Chuck Norris `` grenade gag '' occurs about 7 times during Windtalkers is a good indication of how serious-minded the film is .,2,That the Chuck Norris `` grenade gag '' occurs about 7 times during Windtalkers is a good indication of how serious-minded the film is .,3,1,2
649,24,That the Chuck Norris `` grenade gag '',2,That the Chuck Norris `` grenade gag '',2,0,2
650,24,the Chuck Norris `` grenade gag '',2,the Chuck Norris `` grenade gag '',2,0,2
651,24,Chuck Norris `` grenade gag '',2,Chuck Norris `` grenade gag '',2,0,2
652,24,Chuck,2,Chuck,2,0,2
653,24,Norris `` grenade gag '',2,Norris `` grenade gag '',2,0,2
654,24,Norris,2,Norris,2,0,2
655,24,`` grenade gag '',2,`` grenade gag '',2,0,2
656,24,``,2,``,2,0,2
657,24,grenade gag '',2,grenade gag '',2,0,2
658,24,grenade,1,grenade,2,1,2
659,24,gag '',2,gag '',2,0,2
660,24,gag,1,gag,2,1,2
661,24,'',2,'',2,0,2
662,24,occurs about 7 times during Windtalkers is a good indication of how serious-minded the film is .,2,occurs about 7 times during Windtalkers is a good indication of how serious-minded the film is .,3,1,2
663,24,occurs about 7 times during Windtalkers is a good indication of how serious-minded the film is,3,occurs about 7 times during Windtalkers is a good indication of how serious-minded the film is,3,0,2
664,24,occurs,2,occurs,2,0,2
665,24,about 7 times during Windtalkers is a good indication of how serious-minded the film is,2,about 7 times during Windtalkers is a good indication of how serious-minded the film is,3,1,2
666,24,about 7 times during Windtalkers,2,about 7 times during Windtalkers,2,0,2
667,24,about 7 times,2,about 7 times,2,0,2
668,24,7 times,2,7 times,2,0,2
669,24,7,2,7,2,0,2
670,24,times,2,times,2,0,2
671,24,during Windtalkers,2,during Windtalkers,2,0,2
672,24,during,2,during,2,0,2
673,24,Windtalkers,2,Windtalkers,2,0,2
674,24,is a good indication of how serious-minded the film is,3,is a good indication of how serious-minded the film is,3,0,2
675,24,a good indication of how serious-minded the film is,3,a good indication of how serious-minded the film is,3,0,2
676,24,a good indication,3,a good indication,3,0,2
677,24,good indication,3,good indication,3,0,2
678,24,indication,2,indication,2,0,2
679,24,of how serious-minded the film is,2,of how serious-minded the film is,2,0,2
680,24,how serious-minded the film is,3,how serious-minded the film is,2,1,2
681,24,how,2,how,2,0,2
682,24,serious-minded the film is,2,serious-minded the film is,2,0,2
683,24,serious-minded the film,3,serious-minded the film,2,1,2
684,24,serious-minded,2,serious-minded,2,0,2
685,24,the film,2,the film,2,0,2
686,24,film,2,film,2,0,2
687,25,The plot is romantic comedy boilerplate from start to finish .,2,The plot is romantic comedy boilerplate from start to finish .,2,0,2
688,25,The plot,2,The plot,2,0,2
689,25,plot,2,plot,2,0,2
690,25,is romantic comedy boilerplate from start to finish .,2,is romantic comedy boilerplate from start to finish .,2,0,2
691,25,is romantic comedy boilerplate from start to finish,3,is romantic comedy boilerplate from start to finish,2,1,2
692,25,romantic comedy boilerplate from start to finish,2,romantic comedy boilerplate from start to finish,2,0,2
693,25,romantic comedy boilerplate from start,2,romantic comedy boilerplate from start,2,0,2
694,25,romantic comedy boilerplate,1,romantic comedy boilerplate,2,1,2
695,25,romantic,2,romantic,2,0,2
696,25,comedy boilerplate,2,comedy boilerplate,2,0,2
697,25,comedy,3,comedy,2,1,2
698,25,boilerplate,2,boilerplate,2,0,2
699,25,from start,2,from start,2,0,2
700,25,start,2,start,2,0,2
701,25,to finish,2,to finish,2,0,2
702,25,finish,2,finish,2,0,2
703,26,"It arrives with an impeccable pedigree , mongrel pep , and almost indecipherable plot complications .",2,"It arrives with an impeccable pedigree , mongrel pep , and almost indecipherable plot complications .",2,0,2
704,26,"arrives with an impeccable pedigree , mongrel pep , and almost indecipherable plot complications .",2,"arrives with an impeccable pedigree , mongrel pep , and almost indecipherable plot complications .",2,0,2
705,26,"arrives with an impeccable pedigree , mongrel pep , and almost indecipherable plot complications",2,"arrives with an impeccable pedigree , mongrel pep , and almost indecipherable plot complications",2,0,2
706,26,arrives,2,arrives,2,0,2
707,26,"with an impeccable pedigree , mongrel pep , and almost indecipherable plot complications",2,"with an impeccable pedigree , mongrel pep , and almost indecipherable plot complications",2,0,2
708,26,"an impeccable pedigree , mongrel pep , and almost indecipherable plot complications",1,"an impeccable pedigree , mongrel pep , and almost indecipherable plot complications",2,1,2
709,26,"an impeccable pedigree , mongrel pep , and almost",2,"an impeccable pedigree , mongrel pep , and almost",2,0,2
710,26,"an impeccable pedigree , mongrel pep , and",2,"an impeccable pedigree , mongrel pep , and",2,0,2
711,26,"an impeccable pedigree , mongrel pep ,",2,"an impeccable pedigree , mongrel pep ,",2,0,2
712,26,"an impeccable pedigree , mongrel pep",3,"an impeccable pedigree , mongrel pep",2,1,2
713,26,"impeccable pedigree , mongrel pep",3,"impeccable pedigree , mongrel pep",2,1,2
714,26,impeccable,4,impeccable,2,2,2
715,26,"pedigree , mongrel pep",2,"pedigree , mongrel pep",2,0,2
716,26,pedigree,2,pedigree,2,0,2
717,26,", mongrel pep",2,", mongrel pep",2,0,2
718,26,mongrel pep,2,mongrel pep,2,0,2
719,26,mongrel,1,mongrel,2,1,2
720,26,pep,2,pep,2,0,2
721,26,almost,2,almost,2,0,2
722,26,indecipherable plot complications,1,indecipherable plot complications,2,1,2
723,26,indecipherable,2,indecipherable,2,0,2
724,26,plot complications,2,plot complications,2,0,2
725,26,complications,1,complications,2,1,2
726,27,A film that clearly means to preach exclusively to the converted .,2,A film that clearly means to preach exclusively to the converted .,2,0,2
727,27,A film that clearly means to,2,A film that clearly means to,2,0,2
728,27,A film,2,A film,2,0,2
729,27,that clearly means to,2,that clearly means to,2,0,2
730,27,clearly means to,2,clearly means to,2,0,2
731,27,clearly,2,clearly,2,0,2
732,27,means to,2,means to,2,0,2
733,27,means,2,means,2,0,2
734,27,preach exclusively to the converted .,1,preach exclusively to the converted .,2,1,2
735,27,preach exclusively to the converted,2,preach exclusively to the converted,2,0,2
736,27,preach exclusively,2,preach exclusively,2,0,2
737,27,preach,2,preach,2,0,2
738,27,exclusively,2,exclusively,2,0,2
739,27,to the converted,2,to the converted,2,0,2
740,27,the converted,2,the converted,2,0,2
741,27,converted,2,converted,2,0,2
742,28,"While The Importance of Being Earnest offers opportunities for occasional smiles and chuckles , it doesnot give us a reason to be in the theater beyond Wilde 's wit and the actors ' performances .",1,"While The Importance of Being Earnest offers opportunities for occasional smiles and chuckles , it does n't give us a reason to be in the theater beyond Wilde 's wit and the actors ' performances .",3,2,1
743,28,While The Importance of Being Earnest offers opportunities for occasional smiles and chuckles,3,While The Importance of Being Earnest offers opportunities for occasional smiles and chuckles,2,1,1
744,28,While,2,While,2,0,1
745,28,The Importance of Being Earnest offers opportunities for occasional smiles and chuckles,3,The Importance of Being Earnest offers opportunities for occasional smiles and chuckles,2,1,1
746,28,The Importance of Being Earnest,3,The Importance of Being Earnest,2,1,1
747,28,of Being Earnest,2,of Being Earnest,2,0,1
748,28,Being Earnest,2,Being Earnest,2,0,1
749,28,offers opportunities for occasional smiles and chuckles,2,offers opportunities for occasional smiles and chuckles,2,0,1
750,28,offers opportunities for occasional smiles and,3,offers opportunities for occasional smiles and,2,1,1
751,28,offers opportunities for occasional smiles,3,offers opportunities for occasional smiles,2,1,1
752,28,offers,2,offers,2,0,1
753,28,opportunities for occasional smiles,2,opportunities for occasional smiles,2,0,1
754,28,opportunities,2,opportunities,2,0,1
755,28,for occasional smiles,3,for occasional smiles,2,1,1
756,28,occasional smiles,3,occasional smiles,2,1,1
757,28,occasional,2,occasional,2,0,1
758,28,smiles,2,smiles,2,0,1
759,28,chuckles,1,chuckles,2,1,1
760,28,", it doesnot give us a reason to be in the theater beyond Wilde 's wit and the actors ' performances .",2,", it does n't give us a reason to be in the theater beyond Wilde 's wit and the actors ' performances .",3,1,1
761,28,it doesnot give us a reason to be in the theater beyond Wilde 's wit and the actors ' performances .,2,it does n't give us a reason to be in the theater beyond Wilde 's wit and the actors ' performances .,3,1,1
762,28,doesnot give us a reason to be in the theater beyond Wilde 's wit and the actors ' performances .,2,does n't give us a reason to be in the theater beyond Wilde 's wit and the actors ' performances .,3,1,1
763,28,doesnot give us a reason to be in the theater beyond Wilde 's wit and the actors ' performances,1,does n't give us a reason to be in the theater beyond Wilde 's wit and the actors ' performances,3,2,1
764,28,give us a reason to be in the theater beyond Wilde 's wit and the actors ' performances,1,give us a reason to be in the theater beyond Wilde 's wit and the actors ' performances,3,2,1
765,28,give us,2,give us,2,0,1
766,28,give,3,give,2,1,1
767,28,a reason to be in the theater beyond Wilde 's wit and the actors ' performances,2,a reason to be in the theater beyond Wilde 's wit and the actors ' performances,3,1,1
768,28,reason to be in the theater beyond Wilde 's wit and the actors ' performances,2,reason to be in the theater beyond Wilde 's wit and the actors ' performances,3,1,1
769,28,to be in the theater beyond Wilde 's wit and the actors ' performances,2,to be in the theater beyond Wilde 's wit and the actors ' performances,3,1,1
770,28,be in the theater beyond Wilde 's wit and the actors ' performances,2,be in the theater beyond Wilde 's wit and the actors ' performances,3,1,1
771,28,be in the theater,2,be in the theater,2,0,1
772,28,in the theater,2,in the theater,2,0,1
773,28,the theater,2,the theater,2,0,1
774,28,theater,3,theater,2,1,1
775,28,beyond Wilde 's wit and the actors ' performances,2,beyond Wilde 's wit and the actors ' performances,3,1,1
776,28,beyond,2,beyond,2,0,1
777,28,Wilde 's wit and the actors ' performances,2,Wilde 's wit and the actors ' performances,3,1,1
778,28,Wilde 's wit and,3,Wilde 's wit and,2,1,1
779,28,Wilde 's wit,2,Wilde 's wit,2,0,1
780,28,Wilde 's,2,Wilde 's,2,0,1
781,28,Wilde,2,Wilde,2,0,1
782,28,the actors ' performances,2,the actors ' performances,2,0,1
783,28,the actors ',2,the actors ',2,0,1
784,28,actors ',2,actors ',2,0,1
785,28,actors,2,actors,2,0,1
786,28,',2,',2,0,1
787,29,The latest vapid actor 's exercise to appropriate the structure of Arthur Schnitzler 's Reigen .,1,The latest vapid actor 's exercise to appropriate the structure of Arthur Schnitzler 's Reigen .,2,1,1
788,29,The latest,2,The latest,2,0,1
789,29,latest,2,latest,2,0,1
790,29,vapid actor 's exercise to appropriate the structure of Arthur Schnitzler 's Reigen .,2,vapid actor 's exercise to appropriate the structure of Arthur Schnitzler 's Reigen .,2,0,1
791,29,vapid actor 's exercise to appropriate the structure of Arthur Schnitzler 's Reigen,1,vapid actor 's exercise to appropriate the structure of Arthur Schnitzler 's Reigen,2,1,1
792,29,vapid actor 's exercise,1,vapid actor 's exercise,2,1,1
793,29,vapid,1,vapid,2,1,1
794,29,actor 's exercise,2,actor 's exercise,2,0,1
795,29,actor 's,2,actor 's,2,0,1
796,29,actor,2,actor,2,0,1
797,29,exercise,2,exercise,2,0,1
798,29,to appropriate the structure of Arthur Schnitzler 's Reigen,2,to appropriate the structure of Arthur Schnitzler 's Reigen,2,0,1
799,29,appropriate the structure of Arthur Schnitzler 's Reigen,2,appropriate the structure of Arthur Schnitzler 's Reigen,2,0,1
800,29,appropriate the structure,2,appropriate the structure,2,0,1
801,29,appropriate,3,appropriate,2,1,1
802,29,the structure,2,the structure,2,0,1
803,29,structure,2,structure,2,0,1
804,29,of Arthur Schnitzler 's Reigen,2,of Arthur Schnitzler 's Reigen,2,0,1
805,29,Arthur Schnitzler 's Reigen,3,Arthur Schnitzler 's Reigen,2,1,1
806,29,Arthur Schnitzler 's,2,Arthur Schnitzler 's,2,0,1
807,29,Arthur,2,Arthur,2,0,1
808,29,Schnitzler 's,2,Schnitzler 's,2,0,1
809,29,Schnitzler,2,Schnitzler,2,0,1
810,29,Reigen,2,Reigen,2,0,1
811,30,"More vaudeville show than well-constructed narrative , but on those terms it 's inoffensive and actually rather sweet .",2,"More vaudeville show than well-constructed narrative , but on those terms it 's inoffensive and actually rather sweet .",3,1,2
812,30,"More vaudeville show than well-constructed narrative , but on those terms it 's inoffensive and actually rather sweet",3,"More vaudeville show than well-constructed narrative , but on those terms it 's inoffensive and actually rather sweet",3,0,2
813,30,"More vaudeville show than well-constructed narrative , but",2,"More vaudeville show than well-constructed narrative , but",2,0,2
814,30,"More vaudeville show than well-constructed narrative ,",1,"More vaudeville show than well-constructed narrative ,",2,1,2
815,30,More vaudeville show than well-constructed narrative,1,More vaudeville show than well-constructed narrative,2,1,2
816,30,More vaudeville,2,More vaudeville,2,0,2
817,30,vaudeville,2,vaudeville,2,0,2
818,30,show than well-constructed narrative,3,show than well-constructed narrative,2,1,2
819,30,show,2,show,2,0,2
820,30,than well-constructed narrative,3,than well-constructed narrative,2,1,2
821,30,than,2,than,2,0,2
822,30,well-constructed narrative,4,well-constructed narrative,2,2,2
823,30,well-constructed,3,well-constructed,2,1,2
824,30,narrative,2,narrative,2,0,2
825,30,on those terms it 's inoffensive and actually rather sweet,3,on those terms it 's inoffensive and actually rather sweet,3,0,2
826,30,on those terms,2,on those terms,2,0,2
827,30,on,2,on,2,0,2
828,30,those terms,2,those terms,2,0,2
829,30,those,2,those,2,0,2
830,30,terms,2,terms,2,0,2
831,30,it 's inoffensive and actually rather sweet,3,it 's inoffensive and actually rather sweet,3,0,2
832,30,'s inoffensive and actually rather sweet,3,'s inoffensive and actually rather sweet,3,0,2
833,30,inoffensive and actually rather sweet,3,inoffensive and actually rather sweet,3,0,2
834,30,inoffensive and actually,2,inoffensive and actually,2,0,2
835,30,inoffensive and,2,inoffensive and,2,0,2
836,30,inoffensive,1,inoffensive,2,1,2
837,30,actually,2,actually,2,0,2
838,30,rather sweet,3,rather sweet,3,0,2
839,30,rather,2,rather,2,0,2
840,31,Nothing more than a run-of-the-mill action flick .,2,Nothing more than a run-of-the-mill action flick .,1,1,2
841,31,more than a run-of-the-mill action flick .,2,more than a run-of-the-mill action flick .,1,1,2
842,31,more than a run-of-the-mill action,3,more than a run-of-the-mill action,1,2,2
843,31,than a run-of-the-mill action,2,than a run-of-the-mill action,1,1,2
844,31,a run-of-the-mill action,2,a run-of-the-mill action,1,1,2
845,31,run-of-the-mill action,1,run-of-the-mill action,1,0,2
846,31,run-of-the-mill,1,run-of-the-mill,1,0,2
847,31,action,2,action,2,0,2
848,31,flick .,2,flick .,2,0,2
849,32,"Hampered -- no , paralyzed -- by a self-indulgent script ... that aims for poetry and ends up sounding like satire .",0,"Hampered -- no , paralyzed -- by a self-indulgent script ... that aims for poetry and ends up sounding like satire .",1,1,1
850,32,"Hampered -- no , paralyzed -- by a self-indulgent script ... that aims for poetry and ends up sounding like satire",1,"Hampered -- no , paralyzed -- by a self-indulgent script ... that aims for poetry and ends up sounding like satire",1,0,1
851,32,"Hampered -- no , paralyzed -- by a self-indulgent script ...",1,"Hampered -- no , paralyzed -- by a self-indulgent script ...",1,0,1
852,32,"Hampered -- no , paralyzed -- by a self-indulgent script",1,"Hampered -- no , paralyzed -- by a self-indulgent script",1,0,1
853,32,"Hampered -- no , paralyzed --",2,"Hampered -- no , paralyzed --",2,0,1
854,32,Hampered,2,Hampered,2,0,1
855,32,"-- no , paralyzed --",2,"-- no , paralyzed --",2,0,1
856,32,"no , paralyzed --",2,"no , paralyzed --",2,0,1
857,32,"no , paralyzed",1,"no , paralyzed",2,1,1
858,32,no,1,no,2,1,1
859,32,", paralyzed",1,", paralyzed",2,1,1
860,32,paralyzed,2,paralyzed,2,0,1
861,32,by a self-indulgent script,1,by a self-indulgent script,1,0,1
862,32,a self-indulgent script,0,a self-indulgent script,1,1,1
863,32,self-indulgent script,2,self-indulgent script,1,1,1
864,32,self-indulgent,1,self-indulgent,2,1,1
865,32,script,2,script,2,0,1
866,32,...,2,...,2,0,1
867,32,that aims for poetry and ends up sounding like satire,1,that aims for poetry and ends up sounding like satire,1,0,1
868,32,aims for poetry and ends up sounding like satire,1,aims for poetry and ends up sounding like satire,1,0,1
869,32,aims for poetry and,2,aims for poetry and,2,0,1
870,32,aims for poetry,2,aims for poetry,2,0,1
871,32,aims,2,aims,2,0,1
872,32,for poetry,2,for poetry,2,0,1
873,32,poetry,3,poetry,2,1,1
874,32,ends up sounding like satire,1,ends up sounding like satire,1,0,1
875,32,ends up,2,ends up,2,0,1
876,32,ends,2,ends,2,0,1
877,32,up,2,up,2,0,1
878,32,sounding like satire,2,sounding like satire,2,0,1
879,32,sounding,3,sounding,2,1,1
880,32,like satire,2,like satire,2,0,1
881,32,satire,2,satire,2,0,1
882,33,"Ice Age is the first computer-generated feature cartoon to feel like other movies , and that makes for some glacial pacing early on .",2,"Ice Age is the first computer-generated feature cartoon to feel like other movies , and that makes for some glacial pacing early on .",2,0,2
883,33,"Ice Age is the first computer-generated feature cartoon to feel like other movies , and that makes for some glacial pacing early on",2,"Ice Age is the first computer-generated feature cartoon to feel like other movies , and that makes for some glacial pacing early on",2,0,2
884,33,"Ice Age is the first computer-generated feature cartoon to feel like other movies , and",3,"Ice Age is the first computer-generated feature cartoon to feel like other movies , and",2,1,2
885,33,"Ice Age is the first computer-generated feature cartoon to feel like other movies ,",2,"Ice Age is the first computer-generated feature cartoon to feel like other movies ,",2,0,2
886,33,Ice Age is the first computer-generated feature cartoon to feel like other movies,3,Ice Age is the first computer-generated feature cartoon to feel like other movies,2,1,2
887,33,Ice Age,2,Ice Age,2,0,2
888,33,Ice,2,Ice,2,0,2
889,33,Age,2,Age,2,0,2
890,33,is the first computer-generated feature cartoon to feel like other movies,3,is the first computer-generated feature cartoon to feel like other movies,2,1,2
891,33,the first computer-generated feature cartoon to feel like other movies,4,the first computer-generated feature cartoon to feel like other movies,2,2,2
892,33,the first computer-generated feature cartoon,2,the first computer-generated feature cartoon,2,0,2
893,33,first computer-generated feature cartoon,3,first computer-generated feature cartoon,2,1,2
894,33,first,2,first,2,0,2
895,33,computer-generated feature cartoon,2,computer-generated feature cartoon,2,0,2
896,33,computer-generated,2,computer-generated,2,0,2
897,33,feature cartoon,2,feature cartoon,2,0,2
898,33,feature,2,feature,2,0,2
899,33,cartoon,2,cartoon,2,0,2
900,33,to feel like other movies,3,to feel like other movies,2,1,2
901,33,feel like other movies,2,feel like other movies,2,0,2
902,33,feel,2,feel,2,0,2
903,33,like other movies,2,like other movies,2,0,2
904,33,other movies,2,other movies,2,0,2
905,33,other,2,other,2,0,2
906,33,that makes for some glacial pacing early on,2,that makes for some glacial pacing early on,2,0,2
907,33,makes for some glacial pacing early on,1,makes for some glacial pacing early on,2,1,2
908,33,makes for some glacial pacing,1,makes for some glacial pacing,2,1,2
909,33,makes,2,makes,2,0,2
910,33,for some glacial pacing,2,for some glacial pacing,2,0,2
911,33,some glacial pacing,2,some glacial pacing,2,0,2
912,33,glacial pacing,2,glacial pacing,2,0,2
913,33,glacial,2,glacial,2,0,2
914,33,pacing,2,pacing,2,0,2
915,33,early on,2,early on,2,0,2
916,33,early,2,early,2,0,2
917,34,"There 's very little sense to what 's going on here , but the makers serve up the cliches with considerable dash .",2,"There 's very little sense to what 's going on here , but the makers serve up the cliches with considerable dash .",1,1,2
918,34,"There 's very little sense to what 's going on here , but the makers serve up the cliches with considerable dash",1,"There 's very little sense to what 's going on here , but the makers serve up the cliches with considerable dash",1,0,2
919,34,"There 's very little sense to what 's going on here , but",1,"There 's very little sense to what 's going on here , but",2,1,2
920,34,"There 's very little sense to what 's going on here ,",0,"There 's very little sense to what 's going on here ,",2,2,2
921,34,There 's very little sense to what 's going on here,1,There 's very little sense to what 's going on here,2,1,2
922,34,'s very little sense to what 's going on here,1,'s very little sense to what 's going on here,2,1,2
923,34,very little sense to what 's going on here,1,very little sense to what 's going on here,2,1,2
924,34,very little sense,1,very little sense,2,1,2
925,34,very little,2,very little,2,0,2
926,34,to what 's going on here,2,to what 's going on here,2,0,2
927,34,what 's going on here,1,what 's going on here,2,1,2
928,34,'s going on here,2,'s going on here,2,0,2
929,34,going on here,2,going on here,2,0,2
930,34,going on,2,going on,2,0,2
931,34,here,2,here,2,0,2
932,34,the makers serve up the cliches with considerable dash,2,the makers serve up the cliches with considerable dash,3,1,2
933,34,the makers,2,the makers,2,0,2
934,34,makers,2,makers,2,0,2
935,34,serve up the cliches with considerable dash,2,serve up the cliches with considerable dash,1,1,2
936,34,serve up,2,serve up,2,0,2
937,34,serve,2,serve,2,0,2
938,34,the cliches with considerable dash,1,the cliches with considerable dash,3,2,2
939,34,the cliches,1,the cliches,2,1,2
940,34,cliches,2,cliches,2,0,2
941,34,with considerable dash,2,with considerable dash,3,1,2
942,34,considerable dash,2,considerable dash,2,0,2
943,34,considerable,3,considerable,2,1,2
944,34,dash,2,dash,2,0,2
945,35,"Cattaneo should have followed the runaway success of his first film , The Full Monty , with something different .",2,"Cattaneo should have followed the runaway success of his first film , The Full Monty , with something different .",3,1,2
946,35,Cattaneo,2,Cattaneo,2,0,2
947,35,"should have followed the runaway success of his first film , The Full Monty , with something different .",2,"should have followed the runaway success of his first film , The Full Monty , with something different .",3,1,2
948,35,"should have followed the runaway success of his first film , The Full Monty , with something different",2,"should have followed the runaway success of his first film , The Full Monty , with something different",3,1,2
949,35,"have followed the runaway success of his first film , The Full Monty , with something different",2,"have followed the runaway success of his first film , The Full Monty , with something different",3,1,2
950,35,"followed the runaway success of his first film , The Full Monty , with something different",2,"followed the runaway success of his first film , The Full Monty , with something different",3,1,2
951,35,"followed the runaway success of his first film , The Full Monty ,",3,"followed the runaway success of his first film , The Full Monty ,",2,1,2
952,35,followed,2,followed,2,0,2
953,35,"the runaway success of his first film , The Full Monty ,",4,"the runaway success of his first film , The Full Monty ,",3,1,2
954,35,the runaway success,4,the runaway success,3,1,2
955,35,runaway success,3,runaway success,3,0,2
956,35,runaway,2,runaway,2,0,2
957,35,success,3,success,3,0,2
958,35,"of his first film , The Full Monty ,",1,"of his first film , The Full Monty ,",2,1,2
959,35,"his first film , The Full Monty ,",2,"his first film , The Full Monty ,",2,0,2
960,35,"his first film , The Full Monty",2,"his first film , The Full Monty",2,0,2
961,35,"his first film ,",2,"his first film ,",2,0,2
962,35,his first film,2,his first film,2,0,2
963,35,first film,2,first film,2,0,2
964,35,The Full Monty,2,The Full Monty,2,0,2
965,35,Full Monty,2,Full Monty,2,0,2
966,35,Full,3,Full,2,1,2
967,35,Monty,2,Monty,2,0,2
968,35,with something different,2,with something different,2,0,2
969,35,something different,3,something different,2,1,2
970,35,different,2,different,2,0,2
971,36,"They 're the unnamed , easily substitutable forces that serve as whatever terror the heroes of horror movies try to avoid .",1,"They 're the unnamed , easily substitutable forces that serve as whatever terror the heroes of horror movies try to avoid .",2,1,2
972,36,They,2,They,2,0,2
973,36,"'re the unnamed , easily substitutable forces that serve as whatever terror the heroes of horror movies try to avoid .",1,"'re the unnamed , easily substitutable forces that serve as whatever terror the heroes of horror movies try to avoid .",2,1,2
974,36,"'re the unnamed , easily substitutable forces that serve as whatever terror the heroes of horror movies try to avoid",2,"'re the unnamed , easily substitutable forces that serve as whatever terror the heroes of horror movies try to avoid",2,0,2
975,36,'re,2,'re,2,0,2
976,36,"the unnamed , easily substitutable forces that serve as whatever terror the heroes of horror movies try to avoid",1,"the unnamed , easily substitutable forces that serve as whatever terror the heroes of horror movies try to avoid",2,1,2
977,36,"the unnamed , easily substitutable forces",1,"the unnamed , easily substitutable forces",2,1,2
978,36,"unnamed , easily substitutable forces",2,"unnamed , easily substitutable forces",2,0,2
979,36,"unnamed , easily substitutable",1,"unnamed , easily substitutable",2,1,2
980,36,unnamed,2,unnamed,2,0,2
981,36,", easily substitutable",1,", easily substitutable",2,1,2
982,36,easily substitutable,2,easily substitutable,2,0,2
983,36,easily,3,easily,2,1,2
984,36,substitutable,1,substitutable,2,1,2
985,36,forces,2,forces,2,0,2
986,36,that serve as whatever terror the heroes of horror movies try to avoid,2,that serve as whatever terror the heroes of horror movies try to avoid,2,0,2
987,36,serve as whatever terror the heroes of horror movies try to avoid,2,serve as whatever terror the heroes of horror movies try to avoid,2,0,2
988,36,as whatever terror the heroes of horror movies try to avoid,2,as whatever terror the heroes of horror movies try to avoid,2,0,2
989,36,whatever terror the heroes of horror movies try to avoid,1,whatever terror the heroes of horror movies try to avoid,2,1,2
990,36,whatever,1,whatever,2,1,2
991,36,terror the heroes of horror movies try to avoid,1,terror the heroes of horror movies try to avoid,2,1,2
992,36,terror,1,terror,2,1,2
993,36,the heroes of horror movies try to avoid,1,the heroes of horror movies try to avoid,2,1,2
994,36,the heroes of horror movies,2,the heroes of horror movies,2,0,2
995,36,the heroes,2,the heroes,2,0,2
996,36,heroes,3,heroes,2,1,2
997,36,of horror movies,2,of horror movies,2,0,2
998,36,horror movies,2,horror movies,2,0,2
999,36,horror,1,horror,2,1,2
1000,36,try to avoid,1,try to avoid,2,1,2
